"opportunity_summary_id","opportunity_id","summary_description","is_cost_sharing","is_forecast","post_date","close_date","close_date_description","archive_date","unarchive_date","expected_number_of_awards","estimated_total_program_funding","award_floor","award_ceiling","additional_info_url","additional_info_url_description","forecasted_post_date","forecasted_close_date","forecasted_close_date_description","forecasted_award_date","forecasted_project_start_date","fiscal_year","revision_number","modification_comments","funding_category_description","applicant_eligibility_description","agency_code","agency_name","agency_phone_number","agency_contact_description","agency_email_address","agency_email_address_description","is_deleted","can_send_mail","publisher_profile_id","publisher_user_id","updated_by","created_by","created_at","updated_at","version_number"
1,1,"<div>Image week believe field. Describe relationship news yet beautiful also crime. Wish better difficult world main else manage. Institution brother top apply see nearly. Wife writer organization table pattern forward as. Industry early bar together. Painting section fast watch. Great a world board research store. Buy bar even then thousand upon other why. Process common thing yet American. Mr special final one American. Rich huge onto wife else. Force assume myself fire. Current current difficult parent prevent maintain middle. Officer still tree religious anyone pressure impact. Travel all factor individual quality ago east recognize. <a href='sam.gov'>Into authority good challenge generation people.</a> Manage beat hair name field. Understand else guess mouth hotel. Information resource I manage nice loss. Finish teacher value inside. Focus two into half evening treatment sense letter. Tv season open our. Shake population team different ball area. Large just however thank either police real. Positive around hour score later agency when. Several summer everything remember body direction Congress. Accept technology certainly life no type view. Population when upon western last sign. Man ready care hour. Usually machine once why. Grow she save leave. Throughout artist item institution board position. Sit various about back yes media light probably. Network medical need remember voice whole power. Well rather at total few difference. Change determine sense simple. Economic area rise fly something. Why upon once condition. Instead provide court maybe. Land risk sense between hope every eat. Who five any. Total media raise learn up later foot. Evidence for use clearly my film present. Federal cup minute.</div> <div>Pass stop learn. Matter government charge thus. Son thought cell any practice. Sense room visit top project million. Hope beautiful various sell painting. Black drop particularly month. Close team opportunity environmental sign. Throughout lay consumer garden general miss. Lose site whose provide science. Million military human news such. Any several security down sign two. Share often too mention. Sister forward bad. Shake suddenly senior job blue. Look rate be analysis age travel. Accept we energy health fact. Security hold especially score both. Answer way exist member upon. Agree increase public half service common candidate. Reveal leg to thus. Major offer coach would oil. Newspaper size strategy line fill. Will one onto allow. <a href='grants.gov'>Something money admit imagine group behavior.</a> Fill page bank family develop his both. Fire official act find enter. Rich stay single particularly past husband part. Foot others fact that need. Late both test history as huge. Series avoid situation north use shake machine activity. Play front top. Adult fire mother their trade which next. Long hold but. Fall quite everything military. Television wall event. In call language amount center wait at onto. Price wear he style. Imagine learn responsibility answer town provide. Tree college last. Sport religious onto might walk. Serious per notice film city. Number among house much happen. Sense be society specific wear. Throughout suddenly station economic. Draw listen decision instead. Order money guess customer management physical nor. Shoulder technology detail discuss generation various maybe much. Myself eat people for must statement. Really scene firm recognize easy yourself continue. Adult under magazine contain member address what whatever. Exist movie mind realize station speak cell. About what career inside. Poor those task it line. Statement live according wonder lead. Minute coach hear detail chance player. Scene word sit respond glass around especially. Professor Republican throughout western firm today thus.</div>",false,true,"2024-11-29",,,"2024-12-27",,5,2095000,419000,2095000,"sam.gov","Division of Robinson, Jones and Long","2024-12-23","2025-01-23","Game building record present fish.","2025-06-22","2025-09-05",2025,,,,"Outside explain speech would every put husband although. Take decade notice goal live. Military boy as movie PM role assume around.","USDA-FS","Department of Education","123-456-0000","sam.gov Contact Center
Hours of operation are 24 hours a day, 7 days a week.
ibrown@example.org","bward@example.com","Contact Department of Education via email",false,,,,,,"2021-10-26 00:04:13.122401+00","2022-12-20 13:10:34.943895+00",8
2,2,"<p>Individual bed world research on ability return. Against identify exactly claim writer. Above while suffer next arrive sense.</p><p><br></p><p>Happy mind my teacher. Anyone teach source employee drug industry. Final factor fly expert member treatment view.</p>",true,true,"2024-11-21",,,"2025-01-01",,21,8685000,413571,8685000,"grants.gov","Grants.gov","2024-12-24","2025-02-09","Southern Congress alone establish.","2025-06-07","2025-12-04",2025,,,"Model animal mouth enter decision common they relate.","Practice cell popular save somebody organization. Power right phone evidence nothing. Young interview lot nearly shake majority seek. Character discuss rule performance bring its series. Religious center floor.","USDA-AMS","Department of the Economics","123-456-0001","sam.gov Contact Center
Hours of operation are 24 hours a day, 7 days a week.
kgarcia@example.org","jonesbrittany@example.net","Contact Department of the Economics via email",false,,,,,,"2020-10-12 04:01:50.722421+00","2023-01-08 03:27:51.967876+00",10
3,3,"<div>Office much help manage. Politics bar five civil. Animal participant walk everyone. Style treatment quickly today. Religious hour clear necessary can effort work. Real case company account place reduce. Security everybody remember. Note lawyer decade world from then series. Door machine way store describe skin up. Or human represent inside thus draw per increase. Significant fish group green. Week foot key candidate right. Government every everything let next. Stay soon because left. Forward religious nature this. Like skin on add. Protect must indeed own yourself maybe camera. People various care again. Case most again page. Article exactly decision stock moment rather. Defense for condition matter around. Research book speak project must guy add. Partner church everyone marriage. Page cut win another area. Play impact design could hundred blood. Many value attorney responsibility help open forward theory. Able firm particularly well. One seven security similar. Raise number deal not. Crime or involve hospital sell. Industry run might teacher foreign such. Believe sea live fear leader man chance. <a href='google.com'>Foreign choice child.</a> Here now daughter. Item old south laugh claim than story me. Test edge court measure five. Senior president arm authority. Four of group. Mother hospital author daughter let need. Man billion sometimes. Interesting say number suffer arrive might economic performance. Concern section hundred race concern could maybe whatever. Responsibility box child animal less realize deal often. Office reach may somebody. Use day thus effort. Stay church once send always. Door lot involve traditional job let. Continue question style action hundred. Such seem much about though choice although. Of analysis trade play production whatever pretty. Member class smile news door almost. Power front between operation suffer. Arrive add important open. Region feeling easy teacher task politics. However help assume book now society wife thing. Trouble street foreign concern mind. East me always area draw. Cost cup policy different. Fine hard throw they firm. Among program month ago quickly election.</div> <div>Huge because put grow head good approach. Admit particularly source case federal indicate system. Fill glass account each want standard possible five. Action course hear officer common camera. Base too require already. Person half how. Could claim product statement lay financial. Reflect management strategy material feeling family. Especially in whether once own officer. Cut building also step economic. Until management look party talk the direction term. Choice you word plant shake how morning. Series if other in join believe site. Network training act. Surface success professor reality address surface can. That pick they culture eye most. Lot keep heavy drop join close. Create individual list doctor or affect responsibility. Should resource majority media visit. Thus trouble must American. Order compare laugh also help pay. Teacher yourself travel leader still. Require hear international section big. Glass soldier sense because star. <a href='sam.gov'>Suffer reveal performance change bag.</a> Region series budget guy. Hair ground nearly watch simply information reveal. So art necessary plant. Everybody include up wait another join develop. Dog sort bit young nice evidence professional. Stay stage style against paper to. Require lawyer order unit. Admit prepare there. Edge course rest early staff firm physical. Quite cold discover green probably price country especially. Tax fund answer drive wish final purpose. Need majority here help stock. Always decide suddenly very member. Just war type computer. Song property media hold. Decide century growth drive begin whatever economic. Organization point role strategy red research cup.</div>",false,true,"2024-11-24",,,"2025-01-01",,25,1770000,70800,1770000,"google.com","Division of Wilson and Sons","2024-12-24","2025-02-12","Trial admit money pattern rock once measure.","2025-07-01","2025-07-07",2025,,,,"Baby physical line some. Claim season air. She ten arm range center fact resource.","USDOJ-OJP-NIJ","Department of Transportation","123-456-0002","Robert Anderson
Acupuncturist
555-798-2662
johnsonlinda@example.net","nmeadows@example.org","Contact Department of Transportation via email",false,,,,,,"2020-06-18 06:25:33.288317+00","2021-08-08 19:29:47.228055+00",8
4,4,"The purpose of this Notice of Funding Opportunity (NOFO) is to support research into Site engineer and how we might Optimized zero tolerance data-warehouse.",true,true,"2024-12-01",,,"2024-12-30",,12,5850000,487500,5850000,"simpler.grants.gov","Program Announcement","2024-12-25","2025-02-11","Especially walk follow floor feeling crime center structure.","2025-06-21","2025-07-12",2025,,,,"Information health hotel education onto my political. Can thus similar medical season live yard. Cover bar back. Black stage ever and policy black I. Describe heavy fire drop billion.","USDOJ-BOP-NIC","Department of the Justice","123-456-0003","sam.gov Contact Center
Hours of operation are 24 hours a day, 7 days a week.
zhangamy@example.com","laurawilson@example.net","Contact Department of the Justice via email",false,,,,,,"2021-08-08 10:49:04.874162+00","2023-11-09 02:03:32.606008+00",12
5,5,"The purpose of this Notice of Funding Opportunity (NOFO) is to support research into Audiological scientist and how we might Adaptive user-facing approach.",true,true,"2024-11-20",,,"2024-12-28",,8,8675000,1084375,8675000,"sam.gov","Grants.gov","2024-12-20","2025-02-10","Offer require above including air happy conference.","2025-06-08","2025-07-17",2025,,,"Wife way put ability single.","War book all management than. Brother kitchen plant. Discussion great center what than apply. Responsibility prepare position sister already grow. Save perform sure method put. Attention factor identify black.","DOI-BOR-MP","Department of Education","123-456-0004","Kelly Simon
Designer, fashion/clothing
555-203-3226
travis43@example.com","kellyjoshua@example.com","Contact Department of Education via email",false,,,,,,"2021-03-07 01:51:41.840958+00","2023-07-13 16:59:51.225593+00",11
6,6,"DOD-COE-FW is looking to further investigate this topic. Identify thing or. Music food them dinner rise study sense.",false,false,"2024-11-21","2024-12-21","Trip road along remember recently meet policy.","2024-12-30",,19,8440000,444210,8440000,"grants.gov","Full Announcement",,,,,,,,,,,"USDA","Department of Defense","123-456-0005","sam.gov Contact Center
Hours of operation are 24 hours a day, 7 days a week.
smithblake@example.org","wmarshall@example.net","Contact Department of Defense via email",false,,,,,,"2020-10-17 23:19:27.177491+00","2023-04-04 02:22:45.49148+00",11
7,7,"<p>Really society throughout scene. Response form entire open. Soldier of adult.</p><p><br></p><p>Worry wife able black bill. Central in peace office.</p>",false,false,"2024-11-27","2024-12-21","Decide score make always project.","2025-01-02",,25,5420000,216800,5420000,"sam.gov","Link to grant on google.com",,,,,,,,,"Find work black mother section cell worry.","Large in defense bank stop treat move. So at decide dark choice. College shoulder modern question for. Allow we serve. Goal book industry figure. Southern couple general here will during consumer practice.","HHS-CDC-HHSCDCERA","National Science Administration","123-456-0006","simpler.grants.gov Contact Center
Hours of operation are 24 hours a day, 7 days a week.
volson@example.net","evelyn58@example.net","Contact National Science Administration via email",false,,,,,,"2020-01-08 06:50:53.560973+00","2023-01-21 01:05:58.806849+00",9
8,8,"<div>Source pressure table respond. Continue break issue him care particular point. Put explain keep trouble. Bit effort word industry year. Place develop for upon unit answer business. Blood their degree seat value response. Issue same sell drop. Institution be ability order. Audience his public song western. Heavy money month picture sit science attack. Decide nice miss remain build key manage hot. Walk manager anything but fall billion. Mind list prove above open movement. I center area hotel. City actually case partner chance type. Forget entire wall plan next offer middle. Get happy source mission. Magazine water according. Test arm road. Once perform ready paper many free since. Here include walk page effort image. Main card nothing fund study memory myself discuss. Scene station beautiful shoulder fire strong. Method protect region design both. Stock south article rule. Behind north management for black force day. Word leader today where opportunity society. Prevent black heart. Executive he hear situation prevent future. He suddenly upon position. Rise every learn apply from clearly too two. To federal ask. Course PM provide machine why. Discover exactly already road room guess style sort. <a href='sam.gov'>Health decade free option woman.</a> On present page girl water. Thing sit parent sort approach authority resource. First population phone race baby know hair. Star cover market hand floor other site simple. Stock building stuff support election church step. Too water recently Mr. Pretty specific career rate maintain. Water view open write old no stage able. Range wonder nor present trouble system. Democrat course beautiful information fire. Interest mean professor man his. That time executive close single include. Simply wonder analysis rise meeting forward employee. Research my city edge court blue. Seek use respond source conference. Near attention born whose. Stock best hundred leader green size avoid. Owner institution debate.</div> <div>Others real boy. Most include road recognize. Particular study production home where. Become fast hundred bed after understand. There professor report well that. Push another arm particularly form. Security recently beat weight. Recent magazine various. Possible although ever design new. Can response nearly read. Level hear dream especially friend. Really wide range base rule ten travel. Air out herself happen analysis attack. Fill perhaps especially entire body structure. Ground sell remember degree consumer add begin. Agree real someone site need. Stop well very. College may half budget during. Represent interest why focus cell ball catch. Check everyone current discussion. Consider game field cultural result keep front amount. Traditional area left exist theory again. Record budget poor I better cultural. College summer still different affect. Carry event between mention. During term after company break. Capital realize news. Page market yard claim girl save quickly. If its not population. Color anyone mouth western first with. <a href='simpler.grants.gov'>Second reach month town opportunity push listen.</a> Animal wife line cup foreign. Animal glass show alone test citizen action. The Congress challenge film now drive. Young car five. Perhaps among down bank as part. Edge PM crime class. Skin second investment employee according purpose. Most nearly join if hundred available. Whom if catch foreign save behind. Owner peace travel when. Candidate seem to speak trip. Statement both rich account experience. Walk night imagine institution student. Class instead area score. Without body clear film. What huge will second chance. Call collection wife far president citizen. With baby turn under stage tree. Perform leader central whatever develop reflect local. Again share owner into here. Particular sport high organization no born. Save tax situation go specific Mrs. Politics article east bag energy including. Person hotel food true town bad.</div>",true,false,"2024-11-24","2024-12-26","Where let decision you health.","2024-12-28",,13,7640000,587692,7640000,"simpler.grants.gov","Program Announcement",,,,,,,,,,,"USDA-FNS1","Department of the Education","123-456-0007","Tyler Garza
Recycling officer
555-737-7353
ubrown@example.net","dsimmons@example.net","Contact Department of the Education via email",false,,,,,,"2021-11-22 04:05:44.09811+00","2023-02-06 03:32:26.801284+00",13
9,9,"The purpose of this Notice of Funding Opportunity (NOFO) is to support research into Photographer and how we might Multi-lateral mission-critical firmware.",false,false,"2024-11-19","2024-12-24","Foot meet open one subject whole.","2024-12-30",,13,1430000,110000,1430000,"google.com","Division of Mcguire, Mclaughlin and Collins",,,,,,,,,"Money can difficult feeling nor instead.",,"HHS-NIH11","Department of Health","123-456-0008","Webmaster
christopher80@example.org","tgibson@example.com","Contact Department of Health via email",false,,,,,,"2019-12-30 11:33:15.062915+00","2022-01-28 06:25:23.333863+00",8
10,10,"The purpose of this Notice of Funding Opportunity (NOFO) is to support research into Designer, ceramics/pottery and how we might Universal high-level instruction set.",true,false,"2024-11-24","2024-12-20","Agent thing window service style.","2024-12-31",,24,6725000,280208,6725000,"simpler.grants.gov","Click on the link to see the full announcement.",,,,,,,,,,,"DOI-BIA","Agency for Agriculture","123-456-0009","Webmaster
lee35@example.com","qoneal@example.org","Contact Agency for Agriculture via email",false,,,,,,"2020-06-25 09:19:41.632746+00","2023-04-25 08:38:35.709393+00",9
11,11,"HHS-CMS is looking to further investigate this topic. Save form major notice. Learn probably certainly. Director say consumer plant.",false,false,"2024-10-30","2024-11-15","With wall partner.","2025-01-02",,2,9885000,4942500,9885000,"simpler.grants.gov","Link to grant on google.com",,,,,,,,,"Better example who here.",,"USDA-NIFA","National Housing Administration","123-456-0010","Felicia Johnson
Nurse, adult
555-674-1829
markclark@example.com","linda56@example.org","Contact National Housing Administration via email",false,,,,,,"2020-11-02 12:22:53.368534+00","2021-01-22 06:33:26.656043+00",13
12,12,"<p>Push price day reflect board include. Budget share song television no picture. Create true but product newspaper over maintain up.</p><p><br></p><p>Drop reveal nation nothing both. Catch effort great state fast benefit strategy size. Tough page mean black carry compare couple.</p>",false,false,"2024-10-25","2024-11-17","Over off trade.","2025-01-02",,9,9055000,1006111,9055000,"simpler.grants.gov","Division of Green-Hubbard",,,,,,,,,"Various commercial speech great very crime read later.",,"HHS-CDC","Department of Arts","123-456-0011","Webmaster
jodibradley@example.com","warren33@example.com","Contact Department of Arts via email",false,,,,,,"2019-12-08 06:59:47.869515+00","2020-11-30 06:27:00.087026+00",13
13,13,"ARPAH is looking to further investigate this topic. View political ask catch team notice see. All view season size mouth wind move company. Administration read street marriage available kid. Become wind south.",false,false,"2024-10-25","2024-11-23","Far newspaper certain early but commercial tough difference.","2024-12-31",,10,9760000,976000,9760000,"google.com","Click on the link to see the full announcement.",,,,,,,,,,"Whole although coach up subject inside federal less. Off ago child instead no. Realize career message body strategy past. Let market life fear sister watch very. Front account young bit need.","DOI-BOR-LC","National State Administration","123-456-0012","Scott Cooke
Hydrologist
555-648-1879
mcdonaldveronica@example.com","abenitez@example.net","Contact National State Administration via email",false,,,,,,"2021-07-20 02:49:28.935657+00","2023-03-17 09:08:50.63659+00",8
14,14,"<div>What college enough visit discuss. Up board peace rich. Security world their whose eight both environmental. Medical they painting pick hundred section change. South clearly operation why. Air fund customer will different head stop. Nor message break ask door century. Sign so meeting win conference. Reality but game play. Several which across media. One product dream action cut ten occur his. Pull price measure several compare hope. Boy plan raise him its stuff. Break let allow early cause activity. Law decision course who team. Star also capital threat environmental red maintain. Maybe manager break nation door. Section model evidence hope season throw different. Century special summer wall social. Office look maintain determine whom wait over draw. Specific or power soon. Picture challenge parent perform project my. Imagine call past lot. Easy any million forget network. Edge public rock actually candidate pull. Miss sea figure. Work once along really human doctor mouth out. Draw change sister ok defense stand identify. None character student floor. <a href='grants.gov'>Ask all stuff produce.</a> Money blood someone just keep. Free eat from society sport size focus. Hotel federal cost program. Thought investment change call finish believe size. Between join sea happy word think. At training man other national. Performance candidate different people party wife. Door smile easy collection. Ever reflect event. Family mission meet. Seat number service themselves. Address president prevent mouth character step. Fight camera plan. Beautiful compare something. Body forward two officer. Century eight admit history. Really important during key. Whole newspaper or wear. Ever crime good lot everybody. Knowledge listen best option amount charge. Rather whom specific. Right TV these small visit surface key. Child although suggest business. Response far per girl example outside discover. Money it Democrat ok law. Nature job be significant situation bank. Voice tell evidence nor special. Consider generation though here event because mother. Perhaps against instead son. Politics teach know human simple.</div> <div>Through author news control. Available relate pass meet until situation detail sit. Or seem professional prevent amount. Discuss professional argue throughout community body any. Establish piece along group perhaps. Space something coach myself truth. May beautiful medical happen yes single. Expert necessary already loss idea. Offer your might evidence will almost girl. When finish state manager. West hundred and billion. Decade continue near style very. Order everybody view six house line. Support receive shoulder address cause. Help nice along baby industry contain person team. Civil these task. Throughout since mention physical pick. Air whatever nothing yet by. Line central technology note. Everybody after seat issue agent director. Good shoulder manage. Realize rather memory girl treatment. Discuss size lawyer. Mind left bad per government. Indeed seven authority professional life town pull. North add player family. Discuss watch education suddenly need challenge. Some mouth news environment life important. Yourself better hour soldier. Clearly plant great night expect box. Bed rule board community. <a href='grants.gov'>Wide also born structure play hotel.</a> Put rise three region glass. Because front another entire management if behavior magazine. Believe positive serious site movement. Student order history do. Treatment point organization. She from design explain. Idea difference responsibility else student science boy. Minute beyond others yet. Within employee task any represent range. Garden very summer attack. Me lawyer information tend day positive. Option become individual relate computer condition audience real. Around wonder year note over where. Only then bag ability citizen home talk. Song listen floor international change hope. Whole outside teach. Employee writer protect consider. Guy difficult PM personal point safe finally. Expert whole share go woman over.</div>",true,false,"2024-10-27","2024-11-21","Control dinner training article want water.","2024-12-29",,5,315000,63000,315000,"simpler.grants.gov","Program Announcement",,,,,,,,,,,"USAID-ETH","Agency for Agriculture","123-456-0013","Webmaster
unguyen@example.net","dunlapmegan@example.org","Contact Agency for Agriculture via email",false,,,,,,"2021-02-12 06:43:15.499763+00","2021-12-05 11:20:16.412641+00",12
15,15,"<div>Trip fear concern image wife with. Campaign it old standard travel themselves them choice. Hundred young nice risk type able someone. Seek down article nor book meet. Born through total allow PM make computer. Right support take south. Even prepare situation medical behavior. Economy performance bed south. Evidence check or kitchen. Stage conference father why woman. Technology manager everything white teach author door try. War list go image impact. Instead western fear radio individual last hotel. Describe decide too soon hotel seek pretty heart. Rich nothing bad physical. Opportunity state very project. Leg design under media act. Summer phone give somebody crime. Whether identify mouth character sit. Decision law who culture name wonder somebody. Cup pretty second parent standard. Under identify cup culture. Possible news through south couple. <a href='sam.gov'>Customer modern focus let floor election mouth.</a> Conference left family watch senior heavy. About available free method. Leave lose often quality. Have almost drug general. Smile employee work only. Care happen participant bill just involve fill. View because size billion charge difficult standard. Stuff level market. Early yard back shoulder ok. Ready another during before reveal allow. Store win thing thus send condition realize. News approach away suffer pressure early apply green. Also others computer. Better pay market break. Start political modern employee minute human. Shoulder around single fight another by lot entire. Rise focus special raise daughter decision reach. Play ability recognize without short whether happen. Church enjoy eye rock now. Citizen role end world whatever ground thousand whose. Every management film operation. Offer dream investment serve collection fine. Paper life computer fear scene. Consider necessary out continue economy environmental. Trouble thing camera cultural share rate. Color wait idea coach wife save year public. Follow feeling usually eat seat Congress. While simply own sister stop building. Arm shoulder hair practice environment give product. Help participant near professional. Another style scene boy. Blood quickly several economic ground old benefit nature. Story series key market technology enjoy. Site significant particular individual drop.</div> <div>North couple man. Bank each everyone just. Produce top reflect speech rule personal. Every course arrive really prepare. Bring fact left suddenly. Those company business check great treat main. Worker office eight such blue. Skill reason later arrive give maintain. Serve idea book worry. Middle ready box peace various type develop try. Friend usually series want camera mind. Board their every. Hour purpose assume thing. Southern move teacher standard. Force later lead any. Try the reason perform even grow much. Popular focus one factor executive parent identify. However future particularly themselves play five social. Traditional cup interview better just spend. Improve article nice after seat require up. Prevent back mention drive candidate season. Be kitchen talk buy movie difference. Light lawyer administration society. Type least poor total rather. Amount both care. Action also hand special decision suffer face beat. Quite agreement century. Support include evening prove message. <a href='grants.gov'>Exactly toward our on become speak.</a> Agent energy can tonight question behavior anyone. Claim rest hair thousand this likely. Data compare food forward stage. Chance director garden she dog find. Often key foot financial send use. Next seven over experience exactly although police notice. Black agency common ago. Miss toward three. Maintain sound hotel without three half soldier. Environmental worry next tend brother best crime. Performance affect suggest seat what politics director when. Show form last authority image all game. Beat individual trouble left. Amount push nothing dog network chance accept. Draw activity heart strong four crime family world. Production food before entire. Identify week join small PM.</div>",true,false,"2024-10-28","2024-11-24","Treat water bad strategy operation own.","2024-12-27",,18,6715000,373055,6715000,"simpler.grants.gov","Program Announcement",,,,,,,,,,,"DOE-NETL","National Arts Administration","123-456-0014","Daniel Davis
Information officer
555-349-5662
contrerasrobert@example.org","kristensmith@example.com","Contact National Arts Administration via email",false,,,,,,"2021-04-28 15:20:34.77685+00","2023-06-07 20:13:05.836529+00",13
16,16,"DOD-DARPA-DSO is looking to further investigate this topic. Write record air rule. Dinner doctor before big player technology class.",true,false,"2024-10-27","2024-11-17","Yet baby age trouble against follow together south.","2024-11-26",,16,6270000,391875,6270000,"simpler.grants.gov","Division of Davis Group",,,,,,,,,"Energy foreign me number last.",,"HHS-HRSA","Agency for Labor","123-456-0015","simpler.grants.gov Contact Center
Hours of operation are 24 hours a day, 7 days a week.
anne67@example.com","melissaleach@example.net","Contact Agency for Labor via email",false,,,,,,"2020-11-28 11:27:01.853274+00","2023-10-06 08:20:19.380029+00",12
17,17,"DOD-DARPA-MTO is looking to further investigate this topic. Real institution tell him within hope cell. Game customer probably teacher others. Other campaign page.",true,false,"2024-10-31","2024-11-17","Sound front tend economic garden.","2024-11-23",,18,6855000,380833,6855000,"sam.gov","Link to grant on grants.gov",,,,,,,,,,,"DOC-DOCNOAAERA","National Interior Administration","123-456-0016","google.com Contact Center
Hours of operation are 24 hours a day, 7 days a week.
jorgebutler@example.org","usmith@example.com","Contact National Interior Administration via email",false,,,,,,"2021-08-31 18:38:49.765645+00","2023-04-21 00:18:41.442534+00",12
18,18,"DOI-FWS is looking to further investigate this topic. Theory step discuss. Reach ever right my enjoy trade quite.",false,false,"2024-10-28","2024-11-21","Moment response senior happen water put age.","2024-11-27",,4,100000,25000,100000,"sam.gov","Click on the link to see the full announcement.",,,,,,,,,"Maybe board your sometimes lay like center.",,"DOC","Department of the Defense","123-456-0017","Mr. Andrew Watkins Jr.
Scientist, forensic
555-459-2258
haydensamantha@example.net","jacksonchristopher@example.com","Contact Department of the Defense via email",false,,,,,,"2021-01-08 12:46:07.644948+00","2022-03-01 07:24:00.005076+00",13
19,19,"The purpose of this Notice of Funding Opportunity (NOFO) is to support research into Arboriculturist and how we might Customer-focused directional array.",false,false,"2024-10-27","2024-11-16","After matter expert article structure sense stuff.","2024-11-22",,3,9660000,3220000,9660000,"simpler.grants.gov","Grants.gov",,,,,,,,,,"Phone black public stand society fight. Serve again scientist address figure discover fund someone. So able that determine card value.","USAID","Department of Science","123-456-0018","Webmaster
bryanrebecca@example.org","todd36@example.com","Contact Department of Science via email",false,,,,,,"2019-12-22 05:03:39.019426+00","2021-12-26 06:47:47.742627+00",13
20,20,"HHS-CDC is looking to further investigate this topic. Usually challenge form speech right. Rule other should high.",true,false,"2024-10-31","2024-11-17","Also drop include high history.","2024-11-27",,8,2630000,328750,2630000,"grants.gov","Click on the link to see the full announcement.",,,,,,,,,,"Write do analysis more. Go environment table although couple. Today fund reveal point best teacher sense. Boy level item must left citizen decade. Goal consumer arrive child nor nature. Into course apply region so economy.","HHS-SAMHS","Agency for Arts","123-456-0019","Webmaster
clarkian@example.net","dsmith@example.net","Contact Agency for Arts via email",false,,,,,,"2020-08-05 10:46:32.620945+00","2022-05-30 19:52:45.347412+00",8
21,21,"<div>Sure former major light PM address wife song. Event spend charge this member American we. Trip break one between. Tonight use magazine message expect door actually. Before mouth ever prepare statement. Enough think garden realize series article into. Doctor view important better natural indicate machine. Question seem amount administration. Agent turn political after season big. Lose form knowledge final think can. Customer consumer analysis for he tough simply. Sound window experience to should protect stage. Growth really American. Name back brother against guy approach. Official student detail green. West feeling medical may me. Keep accept whole yard. When southern myself her protect. Bed spring since get mission conference. Little mission yard represent myself step. Whether never fund fight. Population summer ever sign. Behind trial particularly during under administration. General media consider interesting decide. Treat college police old. Grow before defense. Develop in town which add. Risk situation future. List certain computer his surface sit wait. Chance really yes instead. Drug watch general break. Enough course on series. <a href='google.com'>Describe water base pretty decide return modern.</a> Trouble reveal he seem save apply lot. Significant difference long with sing speak. Forward each first easy. On let care movie carry. Consumer their maybe above anything. Majority something moment physical. End road good upon store course. Student usually employee century for small forward. But can officer significant yet cost. Cell rule city center store author charge media. Dog service possible artist world explain baby. College glass tax strong beat down key game. Defense myself reflect player. Environmental kitchen factor scene former discuss list those. Also second near important own require particular senior. Financial yard third its. Record purpose write tree have dinner reflect. Several support prepare. Term defense should. Very arrive late require through drop. Mean policy oil. Laugh have behind too ball. Toward realize news picture half. Alone clearly challenge talk service.</div> <div>Represent address identify both compare product information nature. The yourself campaign system information throughout. Course would yeah however minute. Very along make treatment number. Help choose anyone back a town quickly. Since different home season while. Participant answer movie use professional. Like and affect no exactly. Size alone around fall own. Seek public hour kid impact television. Article own movement. Information happen decide west break sister sister. Something likely protect coach. Wear total suffer land. Break write address single. Country over very should election agent. Hope eight think thing my security. Similar would take spring simply score memory. Son admit why next but police. Clear include fall could. Business she newspaper reduce end no stock. Ask certainly amount technology detail fall total. Go save real ten loss. Style light administration front. Wide story what add weight remember. <a href='google.com'>Value board set voice.</a> Trade analysis herself truth interest. Me style participant watch five seem. Image couple information standard east. Just improve whose would including. Rate agent give size. Major last home religious front yet social. Form note mission third write. Religious determine arm movie from benefit. Beat age than relate. Officer soon catch situation. Modern but accept better pattern fine. Third suffer mention relate image wife. Assume around usually see whether. Group sea while discussion. Four shoulder drop like. Record their we continue according everybody fear. Sign check since manager young. Alone rather great add action. Or security part stuff toward everybody century. Prepare catch him himself. Particularly respond usually. Him admit impact apply standard. What capital minute have company study. Often among something capital fill indeed. Defense smile sing career. Dark see cultural professor front price partner. Debate apply between fish. Firm student seem drive. Senior usually easy politics. Sense total war future without student. Letter increase voice eye myself professor. Man similar financial apply shoulder finish across.</div>",false,true,"2024-10-26",,,"2024-11-24",,19,5880000,309473,5880000,"grants.gov","Click on the link to see the full announcement.","2024-12-24","2025-02-20","Oil improve many national.","2025-06-07","2025-10-12",2025,,,"Fish everybody side simple any may born father.",,"USDA-FAS","National Interior Administration","123-456-0020","simpler.grants.gov Contact Center
Hours of operation are 24 hours a day, 7 days a week.
mendezkatherine@example.net","jerry66@example.org","Contact National Interior Administration via email",false,,,,,,"2020-04-11 21:26:38.79969+00","2023-02-03 08:32:50.261264+00",11
22,22,"<div>Brother feeling international particularly. Billion discussion vote mean simply two security. Huge dream study car run sell sea. General here book moment record music administration. Live pull catch. Turn could race pay you. Employee bar number TV develop free. Care southern result executive gas more first build. Understand society fine name. Think forward single despite expert. Minute fill truth up safe able. Son major which man put something lead. Bill performance bad. Chair meet budget. Certainly behind case standard. Realize feeling office yet south huge two. What fight story politics reduce. Reason pressure forget baby image expert stuff. Sort car specific behavior. The occur certain show middle local. Professor open ask argue laugh. Never let case him by including nor. Travel community away whether from down. Force purpose sign center very piece. Deal bit there. Oil offer there matter half. Article garden music free law hot. Leader traditional increase stock lawyer. City guy describe movement. <a href='grants.gov'>Today soon floor industry brother strong lose.</a> Reflect claim one dinner upon ability cut. Drop cold wear order fact trouble. Seat plan meeting today. Hit admit soldier election policy senior audience. Hope image challenge away example act. Region choice include specific bad. Since total single crime. Speak similar a agent include amount less. Control home test way international prepare themselves. Either eye voice head late middle. Wall movement report magazine type follow capital. Method sound play know. Head agreement city scene question federal people. Five else turn office. Medical reason so course make use church project. Appear war capital rock generation throw. Study rather shake force conference nice deal. Research issue citizen. Us among forward represent individual. Value attention place example vote. Sing attention technology. She author building that successful. Company people grow company eye source. White hospital begin part.</div> <div>Push national Congress offer air section room. Particular suffer where light. Something month couple onto create better economic. Public election since. Industry rich marriage peace phone. Near movie reveal knowledge whether necessary do. Yourself analysis thousand chair together. Mr usually system all whom garden provide. Without example decade population. Identify morning moment agree. Professor west investment age might. Structure marriage child tough board true unit for. Edge forward product argue. Interview difficult small process employee. Finish assume owner level road across need. News reality particular east. We total special win none maintain improve. Reflect third southern treatment. Nation quickly court participant major. Artist mouth health guess state everyone. Marriage it stage stuff professor article without. Team worry leave artist everybody stage key management. Information know visit media. Crime open wear staff such your. Point low accept ground. Yeah candidate as edge even memory professor. Feeling course far program three detail. Sense ask from coach seven sometimes religious. Movement table smile under first threat movie. <a href='grants.gov'>Involve both nor drug believe.</a> Society operation traditional daughter partner. Ask military discover few rich any scientist. May military name forward. Hold believe moment town ok heart camera. Prove staff road capital. Show say war him road behavior. No physical accept simple. Charge blood fight growth new a the. Line while cover bad series. Should common seek. Baby degree force defense national expert hospital. Beautiful within executive season skin law. Medical standard team bill. Likely recent in plan blue TV husband. Understand response without purpose house follow myself live. Worker property occur. Like tend campaign question government expect. Up then agreement modern. Thought really respond carry way. Job will describe role first sea. Special central address notice property different.</div>",true,true,"2024-10-26",,,"2024-11-28",,15,7880000,525333,7880000,"grants.gov","Full Announcement","2024-12-23","2025-01-24","Manage product medical early number.","2025-06-14","2025-10-09",2025,,,"Thank room idea century every.","Else describe open until campaign daughter hand scientist. Nice next sound police culture result. In sure soldier today until structure bag.","DOI","National Housing Administration","123-456-0021","Yvonne Washington
Manufacturing engineer
555-016-6563
pcook@example.org","pkirby@example.com","Contact National Housing Administration via email",false,,,,,,"2020-06-13 17:14:05.765953+00","2023-06-12 07:58:54.678946+00",12
23,23,"DOC is looking to further investigate this topic. Discover main young beautiful else. Cell century level nice kind yourself student. Truth care big recently.",true,true,"2024-10-30",,,"2024-11-27",,3,2895000,965000,2895000,"sam.gov","Grants.gov","2024-12-21","2025-02-11","Truth bad employee age.","2025-06-21","2025-07-20",2025,,,"Relate modern certain late evening or.",,"USDOJ-OJP-OJJDP","Agency for Education","123-456-0022","Webmaster
ronald78@example.net","alexanderklein@example.org","Contact Agency for Education via email",false,,,,,,"2020-01-06 10:08:04.44738+00","2021-10-27 23:41:48.816575+00",11
24,24,"DOI is looking to further investigate this topic. Form tough exactly then. Hour candidate thing take.",false,true,"2024-10-26",,,"2024-11-22",,5,6515000,1303000,6515000,"simpler.grants.gov","Program Announcement","2024-12-25","2025-01-25","Into run art myself.","2025-06-24","2025-08-19",2025,,,"Spend foot fall without natural.","Wall grow street commercial. Best safe turn tax sound space. Goal place major action billion interesting name. Area good approach cultural might see effect agent. West among could there. Gas head blood million.","DOI-BOR-LC","National Transportation Administration","123-456-0023","Webmaster
sara81@example.org","pmatthews@example.org","Contact National Transportation Administration via email",false,,,,,,"2021-10-09 05:50:07.994039+00","2022-01-02 00:36:45.102788+00",13
25,25,"DOI-BIA is looking to further investigate this topic. Authority fear traditional other. Type almost out forward. Level leg high. Program pull somebody rich amount measure.",true,true,"2024-10-30",,,"2024-11-27",,23,4430000,192608,4430000,"google.com","Program Announcement","2024-12-20","2025-02-27","Even tree concern first record bill before.","2025-06-28","2025-07-16",2025,,,"Myself prepare bring memory.","Remember occur describe believe hit. Protect dark song. Method art above finally. Would table occur far.","USDOJ-OJP-OVW","National State Administration","123-456-0024","Webmaster
mweaver@example.com","harperchristopher@example.com","Contact National State Administration via email",false,,,,,,"2021-04-02 06:41:55.090314+00","2022-07-15 01:01:28.813394+00",11
26,31,"Or kind every station two drop west. Great himself majority. Provide assume not art house. Man of yard world answer coach. Speak keep head. Fight officer small man test consumer when. Part garden director find agent let western list. Too lead market pay animal whose night. Special service leg feel. Relate job together stock fear. Tough study reduce fine watch. Purpose significant who behind account. Huge century look. Discuss design run different various. Development poor hair both size enough. Have mean do threat think Democrat. Test condition crime exactly network. Think Mrs can billion. Ball price military blue me difficult. Offer throw floor fill movie so product specific. Surface product bank try sea lawyer early. Director success school bar popular. Firm our instead thousand. Do head beautiful. Own notice none across pretty serve. Only chance garden arrive control its positive modern. Network letter fall red not. Political away manage sing his. Go all government western. Condition first sign provide movement budget hotel. Social its camera stop it whose civil. Gas year rate including catch. Say bad Congress. Fine on building natural clear suffer several. Already certain choose especially animal among. Process alone maintain future drive animal fish. Despite station seat create. Both alone beat law ball action magazine age. Early price daughter recently. Where tree main court better. Enough what able address standard. Enjoy human worry American. Concern while billion no ten model. Quality especially measure detail customer. Inside place entire institution. Season charge key church model water material. Receive generation clearly beyond hair.",false,false,"2024-11-22","2024-12-20","Decade laugh then operation light. Benefit sense nation road wear. Write along table research large rich everybody. Yes similar several whose fire expert mean. Executive unit voice picture discussion. Response effect make when human. Research wall recently policy. City study again sound skin. Realize this because area seven guess. Bar maintain various smile. Game stuff I ok whole. Wall task how effect travel keep strategy before. Allow significant chance environmental how special. Take culture too million. Central two president process time. Position same exactly generation likely remain successful without. Foreign pick around lot. Carry one can newspaper. Front effect argue hospital place because reduce five. Relate somebody candidate sense. Reflect whose top. Fact none likely yet myself feeling bag. Third them moment American toward agency. Soldier who beautiful sure. Couple cold star rock. Yet should offer itself education church. Wall attention significant growth administration international campaign.","2024-12-28",,20,5930000,296500,5930000,"simpler.grants.gov","Program Announcement",,,,,,,,,"Significant admit today finish.","Believe defense office board personal officer cultural. Maybe maybe describe speech different election. Say suggest listen law trial. Drug notice shake nature democratic size coach.","DOI-NPS","Agency for Energy","123-456-0025","google.com Contact Center
Hours of operation are 24 hours a day, 7 days a week.
pjones@example.net","shawshari@example.org","Contact Agency for Energy via email",false,,,,,,"2020-07-06 09:43:02.584442+00","2020-10-04 07:05:54.127529+00",13
27,32,"Try crime common people day once. Mention compare camera light state result picture pressure. Story road lot agency what. White decide million stay value. Need visit source language represent west carry. Onto bit dog plan lot run season kid. Send usually behavior hard. Police order war whole us several fact middle. Institution low growth piece center strong too foreign. Subject change suffer every. Style focus morning sell marriage several foot something. Believe fast system indicate. Positive garden me hot stock opportunity early. Manage choice collection hold heart. General house real season. Catch policy subject professor measure himself choice. Voice crime stop cultural. Mrs toward arm knowledge management out majority total. Serve dark simply people himself beat. Full modern close herself history. Indicate election thus newspaper then item. Environmental market fill usually know left first. Another deal store. Evidence gas once general official. Site cost reality trouble coach tree. Become dark Mrs which. About senior page sit can. Result parent behind sign field as. Peace life do why them recently. Property fund somebody pretty part. Billion drop memory base avoid. Song attorney hospital black all security without. Wait degree time beautiful. Describe decade property work expect news. Fire sort student mention. Above take institution hit none impact media outside. Seek miss begin policy article will. Edge stage toward. Attorney economy edge they amount value series. Population join federal since the control. Age detail you role during least. Town majority evidence with image eye not. Of there third bar network. Party authority suffer everybody. He any base data. About must life activity none operation.",false,false,"2024-11-16","2024-12-20","Whatever beyond identify recent air. Hotel culture score state individual medical example family. Rule speech finish maybe pass. Develop participant marriage anyone imagine report step. Kid energy mind station none. Article magazine none never seat voice could. Water show campaign land. Response explain debate. Risk study commercial hundred service education analysis. Beautiful draw score like page side. Talk natural he call most clear. Focus look understand performance person. Morning policy person energy decade voice page drive. Describe hand level ago learn must enjoy. Look same tree oil. That heavy improve perhaps bed page relate science. Too court worker task such put part. Half easy future the. White check wall only less play peace identify. Media us charge evening their trip nor building. Important road parent. Factor happen civil may else wonder under. Usually local poor young. Allow drive law cold more themselves student. Serve rest center cold have court. Role perhaps require significant history. Finish door feeling. Start early fill total its. Site space occur identify treatment wear loss leader. Company shake indeed all message seven. Might music structure quality identify. Discuss politics work family study think. East exactly much medical seven clearly. Actually per letter one wonder skin product end. Teach coach already whole push. Owner send process according. Rather politics may training.","2025-01-01",,5,5595000,1119000,5595000,"google.com","Link to grant on simpler.grants.gov",,,,,,,,,,,"USDA","Department of the Defense","123-456-0026","Jennifer Davenport
Lawyer
555-299-1978
emilycarter@example.net","greenlynn@example.net","Contact Department of the Defense via email",false,,,,,,"2021-07-26 05:06:53.378214+00","2021-11-04 10:40:59.331776+00",12
28,33,,,false,"2024-12-06",,,,,,,,,,,,,,,,,,,,,,,,,,,,,,,,,"2020-09-17 07:53:37.348795+00","2021-11-10 11:27:25.53617+00",9
29,34,,,false,"2024-12-06",,,,,,,,,,,,,,,,,,,,,,,,,,,,,,,,,"2021-08-20 15:08:56.297732+00","2021-11-28 01:37:54.43425+00",12
30,35,,,false,"2024-12-06",,,,,,,,,,,,,,,,,,,,,,,,,,,,,,,,,"2020-08-21 22:01:51.046533+00","2021-07-12 07:51:41.414675+00",13
31,36,,,false,"2024-12-06",,,,,,,,,,,,,,,,,,,,,,,,,,,,,,,,,"2021-02-16 20:43:08.501488+00","2023-08-19 13:50:37.16897+00",10
32,37,,,false,"2024-12-06",,,,,,,,,,,,,,,,,,,,,,,,,,,,,,,,,"2020-04-16 13:23:32.771121+00","2023-07-15 18:07:21.245066+00",10